{"cameraMode":{"drawMode":0,"name":"Shaded","section":"Shading Mode"},"sceneLighting":true,"audioPlay":false,"sceneViewState":{"m_AlwaysRefresh":false,"showFog":true,"showSkybox":true,"showFlares":true,"showImageEffects":true,"showParticleSystems":true,"showVisualEffectGraphs":true,"m_FxEnabled":true},"in2DMode":false,"pivot":{"x":8.956770896911621,"y":15.589323043823243,"z":-24.670284271240236},"rotation":{"x":0.25253811478614809,"y":-0.19856463372707368,"z":0.053034938871860507,"w":0.9455081820487976},"size":4.082764148712158,"orthographic":true}